{"cameraMode":{"drawMode":0,"name":"Shaded","section":"Shading Mode"},"sceneLighting":false,"audioPlay":false,"sceneViewState":{"m_AlwaysRefresh":false,"showFog":true,"showSkybox":true,"showFlares":true,"showImageEffects":true,"showParticleSystems":true,"showVisualEffectGraphs":true,"m_FxEnabled":true},"in2DMode":false,"pivot":{"x":1.2901240587234498,"y":-2.2189900875091554,"z":-0.8224794268608093},"rotation":{"x":0.01945214532315731,"y":0.9299497604370117,"z":-0.3647420108318329,"w":0.04808185622096062},"size":5.547460079193115,"orthographic":false}