{"cameraMode":{"drawMode":0,"name":"Shaded","section":"Shading Mode"},"sceneLighting":false,"audioPlay":false,"sceneViewState":{"m_AlwaysRefresh":false,"showFog":true,"showSkybox":true,"showFlares":true,"showImageEffects":true,"showParticleSystems":true,"showVisualEffectGraphs":true,"m_FxEnabled":true},"in2DMode":false,"pivot":{"x":4.2375640869140629,"y":3.0234129428863527,"z":12.149005889892579},"rotation":{"x":0.0023974282667040827,"y":-0.9617142081260681,"z":0.016182808205485345,"w":0.2758384346961975},"size":1.873632788658142,"orthographic":false}