{"cameraMode":{"drawMode":0,"name":"Shaded","section":"Shading Mode"},"sceneLighting":false,"audioPlay":false,"sceneViewState":{"m_AlwaysRefresh":false,"showFog":true,"showSkybox":true,"showFlares":true,"showImageEffects":true,"showParticleSystems":true,"showVisualEffectGraphs":true,"m_FxEnabled":true},"in2DMode":false,"pivot":{"x":-2.919905662536621,"y":-0.850700318813324,"z":-1.4980930089950562},"rotation":{"x":0.030751369893550874,"y":0.9697921872138977,"z":-0.16019085049629212,"w":0.18267357349395753},"size":5.096174240112305,"orthographic":false}